target,source,flow
0,115,1
3,115,1
5,115,1
7,115,1
8,115,1
10,115,1
11,115,1
12,115,1
13,115,1
14,115,1
17,115,1
18,115,1
20,115,1
22,115,1
26,115,1
28,115,1
33,115,1
35,115,1
43,115,1
45,115,1
48,115,1
50,115,1
55,115,1
57,115,1
58,115,1
62,115,1
64,115,1
65,115,1
67,115,1
70,115,1
71,115,1
74,115,1
81,115,1
83,115,1
86,115,1
87,115,1
91,115,1
92,115,1
98,115,1
109,115,1
110,115,1
111,115,1
112,115,1
114,115,1
115,115,1
117,115,1
118,115,1
119,115,1
120,115,1
124,115,1
126,115,1
127,115,1
130,115,1
139,115,1
140,115,1
141,115,1
143,115,1
145,115,1
149,115,1
171,115,1
172,115,1
173,115,1
174,115,1
177,115,1
179,115,1
184,115,1
185,115,1
194,115,1
195,115,1
198,115,1
199,115,1
206,115,1
209,115,1
215,115,1
219,115,1
224,115,1
